[  
    {  
       "id":"9",
       "nombre":"Apart"
    },
    {  
       "id":"10",
       "nombre":"Campo"
    },
    {  
       "id":"1",
       "nombre":"Casa"
    },
    {  
       "id":"16",
       "nombre":"Casa Qta"
    },
    {  
       "id":"17",
       "nombre":"Casa Tem"
    },
    {  
       "id":"14",
       "nombre":"Chalet"
    },
    {  
       "id":"6",
       "nombre":"Cochera"
    },
    {  
       "id":"2",
       "nombre":"Depto"
    },
    {  
       "id":"18",
       "nombre":"Dpto Tem"
    },
    {  
       "id":"5",
       "nombre":"Duplex"
    },
    {  
       "id":"12",
       "nombre":"Edificio"
    },
    {  
       "id":"13",
       "nombre":"Estruct."
    },
    {  
       "id":"20",
       "nombre":"Fondo Co"
    },
    {  
       "id":"8",
       "nombre":"Galpon"
    },
    {  
       "id":"15",
       "nombre":"Hotel"
    },
    {  
       "id":"3",
       "nombre":"Local"
    },
    {  
       "id":"4",
       "nombre":"Oficina"
    },
    {  
       "id":"7",
       "nombre":"Terreno"
    }
 ]